{"cameraMode":{"drawMode":0,"name":"Shaded","section":"Shading Mode"},"sceneLighting":true,"audioPlay":false,"sceneViewState":{"m_AlwaysRefresh":false,"showFog":true,"showSkybox":true,"showFlares":true,"showImageEffects":true,"showParticleSystems":true,"showVisualEffectGraphs":true,"m_FxEnabled":true},"in2DMode":false,"pivot":{"x":5.351651668548584,"y":0.17731735110282899,"z":-5.245306491851807},"rotation":{"x":-0.033276915550231937,"y":0.044234588742256168,"z":-0.0014026134740561247,"w":-0.9985315203666687},"size":1.8090224266052247,"orthographic":false}